Workbook

Sheet Sales forecasts
C3: Historical | F3: Planned | R3: Futur
C4: Oct. | D4: Nov. | E4: Dec. | F4: Jan. | G4: Feb. | H4: Mar | I4: Apr. | J4: May | K4: Jun. | L4: Jul. | M4: Aug | N4: Sep. | O4: Oct. | P4: Nov. | Q4: Dec. | R4: Jan.
B5: i | C5: 1 | D5: 2 | E5: 3 | F5: 4 | G5: 5 | H5: 6 | I5: 7 | J5: 8 | K5: 9 | L5: 10 | M5: 11 | N5: 12 | O5: 13 | P5: 14 | Q5: 15
B6: xi | C6: -3 | D6: -2 | E6: -1 | F6: 1 | G6: 2 | H6: 3 | I6: 4 | J6: 5 | K6: 6 | L6: 7 | M6: 8 | N6: 9 | O6: 10 | P6: 11 | Q6: 12
A7: Sales / Demand
A8: Sales forecasts | B8: k€ | C8: ='S&OP'!C17 -> 9990 | D8: ='S&OP'!D17 -> 13110 | E8: ='S&OP'!E17 -> 6900 | F8: ='S&OP'!F17 -> 7590 | G8: ='S&OP'!G17 -> 8400 | H8: ='S&OP'!H17 -> 10200 | I8: ='S&OP'!I17 -> 9000 | J8: ='S&OP'!J17 -> 11790 | ... R8: ='S&OP'!R17 -> 8010
B9: 1000 units | C9: 333 | D9: 437 | E9: 230 | F9: 253 | G9: 280 | H9: 340 | I9: 300 | J9: 393 | K9: 233 | L9: 287 | M9: 420 | N9: 480 | O9: 427 | P9: 527 | Q9: 393 | R9: 267
A11: Cumulative sales forecasts | B11: 1000 units | E11: 0 | F11: =SUM($F9:F9) -> 253 | G11: =SUM($F9:G9) -> 533 | H11: =SUM($F9:H9) -> 873 | I11: =SUM($F9:I9) -> 1173 | J11: =SUM($F9:J9) -> 1566 | K11: =SUM($F9:K9) -> 1799 | L11: =SUM($F9:L9) -> 2086 | M11: =SUM($F9:M9) -> 2506 | ... Q11: =SUM($F9:Q9) -> 4333
A12: Cumulative smoothed production | B12: 1000 units | E12: 0 | F12: =SUM(F9:Q9)/12 -> 361.08333 | G12: =$F12+F12 -> 722.16667 | H12: =$F12+G12 -> 1083.25 | I12: =$F12+H12 -> 1444.3333 | J12: =$F12+I12 -> 1805.4167 | K12: =$F12+J12 -> 2166.5 | L12: =$F12+K12 -> 2527.5833 | M12: =$F12+L12 -> 2888.6667 | N12: =$F12+M12 -> 3249.75 | ... Q12: =$F12+P12 -> 4333

Sheet S&OP
T1: Cost in k€ | U1: Chase Strategy - Plan à stock constant | V1: Chase Strategy - Plan à couverture de stock constante | W1: Level Strategy - Plan à production constante | X1: Mixed Operating Strategy
A2: Average value of one unit produced | B2: € | C2: 30 | F2: xxx | G2: Entered parameters | T2: Recruit. | U2: =R45 -> 928.91917 | V2: =R92 -> 669.58574 | W2: =R144 -> 143.12984 | X2: =R193 -> 283.6039
A3: Employee productivity factor | B3: Unit /Emp. J | C3: 8 | F3: xxx | G3: Calculated parameters but can also be overridden | T3: Termin. | U3: =R46 -> 1812.6729 | V3: =R93 -> 1262.7768 | W3: =R145 -> 0 | X3: =R194 -> 5.6347403
A4: Initial inventory (end of Sept.) | C4: 0 | T4: Inventory | U4: =R47 -> 1548 | V4: =R94 -> 663.87134 | W4: =R146 -> 2721.084 | X4: =R195 -> 896.4
A5: Inventory holding rate | C5: 0.02 | T5: Total | U5: =R48 -> 4289.5921 | V5: =R95 -> 2596.2339 | W5: =R147 -> 2864.2138 | X5: =R196 -> 1185.6386
A6: Hiring / recruitment cost | B6: k€ | C6: 0.2
A7: Termination / layoff cost | B7: k€ | C7: 0.5
A8: Initial workforce | C8: 1437
A10: S&OP Chase Strategy - Plan à stock constant
C12: Historical | F12: Planned | R12: Futur
C13: Oct. | D13: Nov. | E13: Dec. | F13: Jan. | G13: Feb. | H13: Mar | I13: Apr. | J13: May | K13: Jun. | L13: Jul. | M13: Aug | N13: Sep. | O13: Oct. | P13: Nov. | Q13: Dec. | R13: Jan.
B14: i | C14: 1 | D14: 2 | E14: 3 | F14: 4 | G14: 5 | H14: 6 | I14: 7 | J14: 8 | K14: 9 | L14: 10 | M14: 11 | N14: 12 | O14: 13 | P14: 14 | Q14: 15
B15: xi | C15: -3 | D15: -2 | E15: -1 | F15: 1 | G15: 2 | H15: 3 | I15: 4 | J15: 5 | K15: 6 | L15: 7 | M15: 8 | N15: 9 | O15: 10 | P15: 11 | Q15: 12
A16: Sales / Demand
A17: Sales forecasts | B17: k€ | C17: =ROUND(C18*$C$2,1) -> 9990 | D17: =ROUND(D18*$C$2,1) -> 13110 | E17: =ROUND(E18*$C$2,1) -> 6900 | F17: =ROUND(F18*$C$2,1) -> 7590 | G17: =ROUND(G18*$C$2,1) -> 8400 | H17: =ROUND(H18*$C$2,1) -> 10200 | I17: =ROUND(I18*$C$2,1) -> 9000 | J17: =ROUND(J18*$C$2,1) -> 11790 | ... R17: =ROUND(R18*$C$2,1) -> 8010
B18: 1000 units | C18: 333 | D18: 437 | E18: 230 | F18: 253 | G18: 280 | H18: 340 | I18: 300 | J18: 393 | K18: 233 | L18: 287 | M18: 420 | N18: 480 | O18: 427 | P18: 527 | Q18: 393 | R18: 267
A19: Actual sales | B19: 1000 units | C19: 300 | D19: 400 | E19: 200
A20: Difference | B20: 1000 units | C20: =C19-C18 -> -33 | D20: =D19-D18 -> -37 | E20: =E19-E18 -> -30
A21: Cumulative difference | B21: 1000 units | C21: =C20 -> -33 | D21: =SUM($C20:D20) -> -70 | E21: =SUM($C20:E20) -> -100
A23: Production
A24: Planned production – Production plan | B24: 1000 units | C24: =C18 -> 333 | D24: =D18 -> 437 | E24: =E18 -> 230 | F24: =F18 -> 253 | G24: =G18 -> 280 | H24: =H18 -> 340 | I24: =I18 -> 300 | J24: =J18 -> 393 | ... Q24: =Q18 -> 393
A25: Planned resource requirements | B25: Employees | C25: =C24*1000/C26/$C$3 -> 1892.0455 | D25: =D24*1000/D26/$C$3 -> 2731.25 | E25: =E24*1000/E26/$C$3 -> 1437.5 | F25: =F24*1000/($C$3*F26) -> 1581.25 | G25: =G24*1000/($C$3*G26) -> 1666.6667 | H25: =H24*1000/($C$3*H26) -> 1847.8261 | I25: =I24*1000/($C$3*I26) -> 1875 | J25: =J24*1000/($C$3*J26) -> 2232.9545 | K25: =K24*1000/($C$3*K26) -> 1323.8636 | L25: =L24*1000/($C$3*L26) -> 3587.5 | M25: =M24*1000/($C$3*M26) -> 2282.6087 | ... Q25: =Q24*1000/($C$3*Q26) -> 2456.25
A26: Number of working days | B26: Working days. | C26: 22 | D26: 20 | E26: 20 | F26: 20 | G26: 21 | H26: 23 | I26: 20 | J26: 22 | K26: 22 | L26: 10 | M26: 23 | N26: 20 | O26: 22 | P26: 20 | Q26: 20 | R26: 20
A27: Actual production | B27: 1000 units | C27: 360 | D27: 455 | E27: 300
A28: Difference | B28: 1000 units | C28: =C27-C24 -> 27 | D28: =D27-D24 -> 18 | E28: =E27-E24 -> 70
A29: Cumulative difference | B29: 1000 units | C29: =C28 -> 27 | D29: =SUM($C28:D28) -> 45 | E29: =SUM($C28:E28) -> 115
A31: End-of-month inventory
A32: Planned | B32: 1000 units | C32: =C4+C24-C18 -> 0 | D32: =C32+D24-D18 -> 0 | E32: =D32+E24-E18 -> 0 | F32: =E34+F24-F18 -> 215 | G32: =F32+G24-G18 -> 215 | H32: =G32+H24-H18 -> 215 | I32: =H32+I24-I18 -> 215 | J32: =I32+J24-J18 -> 215 | K32: =J32+K24-K18 -> 215 | L32: =K32+L24-L18 -> 215 | M32: =L32+M24-M18 -> 215 | N32: =M32+N24-N18 -> 215 | ... Q32: =P32+Q24-Q18 -> 215
B33: € | C33: =C32*$C$2 -> 0 | D33: =D32*$C$2 -> 0 | E33: =E32*$C$2 -> 0 | F33: =F32*$C$2 -> 6450 | G33: =G32*$C$2 -> 6450 | H33: =H32*$C$2 -> 6450 | I33: =I32*$C$2 -> 6450 | J33: =J32*$C$2 -> 6450 | ... Q33: =Q32*$C$2 -> 6450
A34: Actual | B34: 1000 units | C34: =C4+C27-C19 -> 60 | D34: =C34+D27-D19 -> 115 | E34: =D34+E27-E19 -> 215
A35: Stock coverage / Days of supply | B35: days | C35: =C34/(D19/D26) -> 3 | D35: =D34/(E19/E26) -> 11.5 | E35: =E34/(F18/F26) -> 16.996047 | F35: =F32/(G18/G26) -> 16.125 | G35: =G32/(H18/H26) -> 14.544118 | H35: =H32/(I18/I26) -> 14.333333 | I35: =I32/(J18/J26) -> 12.035623 | J35: =J32/(K18/K26) -> 20.300429 | K35: =K32/(L18/L26) -> 7.4912892 | L35: =L32/(M18/M26) -> 11.77381 | M35: =M32/(N18/N26) -> 8.9583333 | ... Q35: =Q32/(R18/R26) -> 16.104869
A36: Service level | C36: 98 | D36: 100 | E36: 100
E40: Recruit. | F40: =MAX(F25-$C$8,0) -> 144.25 | G40: =MAX(G25-F42,0) -> 85.416667 | H40: =MAX(H25-G42,0) -> 181.15942 | I40: =MAX(I25-H42,0) -> 27.173913 | J40: =MAX(J25-I42,0) -> 357.95455 | K40: =MAX(K25-J42,0) -> 0 | L40: =MAX(L25-K42,0) -> 2263.6364 | M40: =MAX(M25-L42,0) -> 0 | N40: =MAX(N25-M42,0) -> 717.3913 | ... Q40: =MAX(Q25-P42,0) -> 0
E41: Termin. | F41: =MAX($C$8-F25,0) -> 0 | G41: =MAX(F42-G25,0) -> 0 | H41: =MAX(G42-H25,0) -> 0 | I41: =MAX(H42-I25,0) -> 0 | J41: =MAX(I42-J25,0) -> 0 | K41: =MAX(J42-K25,0) -> 909.09091 | L41: =MAX(K42-L25,0) -> 0 | M41: =MAX(L42-M25,0) -> 1304.8913 | N41: =MAX(M42-N25,0) -> 0 | ... Q41: =MAX(P42-Q25,0) -> 837.5
E42: Workforce | F42: =$C$8+F40-F41 -> 1581.25 | G42: =F42+G40-G41 -> 1666.6667 | H42: =G42+H40-H41 -> 1847.8261 | I42: =H42+I40-I41 -> 1875 | J42: =I42+J40-J41 -> 2232.9545 | K42: =J42+K40-K41 -> 1323.8636 | L42: =K42+L40-L41 -> 3587.5 | M42: =L42+M40-M41 -> 2282.6087 | N42: =M42+N40-N41 -> 3000 | ... Q42: =P42+Q40-Q41 -> 2456.25
E44: Cost in k€ | R44: Totals
E45: Recruit. | F45: =F40*$C$6 -> 28.85 | G45: =G40*$C$6 -> 17.083333 | H45: =H40*$C$6 -> 36.231884 | I45: =I40*$C$6 -> 5.4347826 | J45: =J40*$C$6 -> 71.590909 | K45: =K40*$C$6 -> 0 | L45: =L40*$C$6 -> 452.72727 | M45: =M40*$C$6 -> 0 | ... Q45: =Q40*$C$6 -> 0 | R45: =SUM(F45:Q45) -> 928.91917
E46: Termin. | F46: =F41*$C$7 -> 0 | G46: =G41*$C$7 -> 0 | H46: =H41*$C$7 -> 0 | I46: =I41*$C$7 -> 0 | J46: =J41*$C$7 -> 0 | K46: =K41*$C$7 -> 454.54545 | L46: =L41*$C$7 -> 0 | M46: =M41*$C$7 -> 652.44565 | ... Q46: =Q41*$C$7 -> 418.75 | R46: =SUM(F46:Q46) -> 1812.6729
E47: Stocks | F47: =F32*$C$2*$C$5 -> 129 | G47: =G32*$C$2*$C$5 -> 129 | H47: =H32*$C$2*$C$5 -> 129 | I47: =I32*$C$2*$C$5 -> 129 | J47: =J32*$C$2*$C$5 -> 129 | K47: =K32*$C$2*$C$5 -> 129 | L47: =L32*$C$2*$C$5 -> 129 | M47: =M32*$C$2*$C$5 -> 129 | ... Q47: =Q32*$C$2*$C$5 -> 129 | R47: =SUM(F47:Q47) -> 1548
Q48: Total Cost : | R48: =SUM(R45:R47) -> 4289.5921
A50: Planned Production + Inventory | E50: 0 | F50: =F24+F32 -> 468 | G50: =G24+G32 -> 495 | H50: =H24+H32 -> 555 | I50: =I24+I32 -> 515 | J50: =J24+J32 -> 608 | K50: =K24+K32 -> 448 | L50: =L24+L32 -> 502 | M50: =M24+M32 -> 635 | ... Q50: =Q24+Q32 -> 608
A51: Cumulative Sales | B51: 1000 units | F51: =SUM($F18:F18) -> 253 | G51: =SUM($F18:G18) -> 533 | H51: =SUM($F18:H18) -> 873 | I51: =SUM($F18:I18) -> 1173 | J51: =SUM($F18:J18) -> 1566 | K51: =SUM($F18:K18) -> 1799 | L51: =SUM($F18:L18) -> 2086 | M51: =SUM($F18:M18) -> 2506 | ... Q51: =SUM($F18:Q18) -> 4333
A52: Cumulative Prod. + Opening Inventory | B52: 1000 units | E52: =$E34 -> 215 | F52: =SUM($F24:F24)+$E34 -> 468 | G52: =SUM($F24:G24)+$E34 -> 748 | H52: =SUM($F24:H24)+$E34 -> 1088 | I52: =SUM($F24:I24)+$E34 -> 1388 | J52: =SUM($F24:J24)+$E34 -> 1781 | K52: =SUM($F24:K24)+$E34 -> 2014 | L52: =SUM($F24:L24)+$E34 -> 2301 | M52: =SUM($F24:M24)+$E34 -> 2721 | ... Q52: =SUM($F24:Q24)+$E34 -> 4548
A56: S&OP Chase Strategy - Plan à couverture de stock constante (5j)
A57: Target inventory coverage/Days of supply | B57: 5 | C57: j
C59: Historical | F59: Planned | R59: Futur
C60: Oct. | D60: Nov. | E60: Dec. | F60: Jan. | G60: Feb. | H60: Mar | I60: Apr. | J60: May | K60: Jun. | L60: Jul. | M60: Aug | N60: Sep. | O60: Oct. | P60: Nov. | Q60: Dec. | R60: Jan.
B61: i | C61: 1 | D61: 2 | E61: 3 | F61: 4 | G61: 5 | H61: 6 | I61: 7 | J61: 8 | K61: 9 | L61: 10 | M61: 11 | N61: 12 | O61: 13 | P61: 14 | Q61: 15
B62: xi | C62: -3 | D62: -2 | E62: -1 | F62: 1 | G62: 2 | H62: 3 | I62: 4 | J62: 5 | K62: 6 | L62: 7 | M62: 8 | N62: 9 | O62: 10 | P62: 11 | Q62: 12
A63: Sales / Demand
A64: Sales forecasts | B64: k€ | C64: =ROUND(C65*$C$2,1) -> 9990 | D64: =ROUND(D65*$C$2,1) -> 13110 | E64: =ROUND(E65*$C$2,1) -> 6900 | F64: =ROUND(F65*$C$2,1) -> 7590 | G64: =ROUND(G65*$C$2,1) -> 8400 | H64: =ROUND(H65*$C$2,1) -> 10200 | I64: =ROUND(I65*$C$2,1) -> 9000 | J64: =ROUND(J65*$C$2,1) -> 11790 | ... R64: =ROUND(R65*$C$2,1) -> 8010
B65: 1000 units | C65: 333 | D65: 437 | E65: 230 | F65: 253 | G65: 280 | H65: 340 | I65: 300 | J65: 393 | K65: 233 | L65: 287 | M65: 420 | N65: 480 | O65: 427 | P65: 527 | Q65: 393 | R65: 267
A66: Actual sales | B66: 1000 units | C66: 300 | D66: 400 | E66: 200
A67: Difference | B67: 1000 units | C67: =C66-C65 -> -33 | D67: =D66-D65 -> -37 | E67: =E66-E65 -> -30
A68: Cumulative difference | B68: 1000 units | C68: =C67 -> -33 | D68: =SUM($C67:D67) -> -70 | E68: =SUM($C67:E67) -> -100
A70: Production
A71: Planned production – Production plan | B71: 1000 units | C71: =C65 -> 333 | D71: =D65 -> 437 | E71: =E65 -> 230 | F71: =F65-E81+F79 -> 104.66667 | G71: =G65-F79+G79 -> 287.24638 | H71: =H65-G79+H79 -> 341.08696 | I71: =I65-H79+I79 -> 314.31818 | J71: =J65-I79+J79 -> 356.63636 | K71: =K65-J79+K79 -> 323.54545 | L71: =L65-K79+L79 -> 234.80435 | M71: =M65-L79+M79 -> 448.69565 | N71: =N65-M79+N79 -> 457.04545 | ... Q71: =Q65-P79+Q79 -> 361.5
A72: Planned resource requirements | B72: Employees | C72: =C71*1000/C73/$C$3 -> 1892.0455 | D72: =D71*1000/D73/$C$3 -> 2731.25 | E72: =E71*1000/E73/$C$3 -> 1437.5 | F72: =F71*1000/($C$3*F73) -> 654.16667 | G72: =G71*1000/($C$3*G73) -> 1709.7999 | H72: =H71*1000/($C$3*H73) -> 1853.7335 | I72: =I71*1000/($C$3*I73) -> 1964.4886 | J72: =J71*1000/($C$3*J73) -> 2026.343 | K72: =K71*1000/($C$3*K73) -> 1838.3264 | L72: =L71*1000/($C$3*L73) -> 2935.0543 | M72: =M71*1000/($C$3*M73) -> 2438.5633 | ... Q72: =Q71*1000/($C$3*Q73) -> 2259.375
A73: Number of working days | B73: Working days. | C73: 22 | D73: 20 | E73: 20 | F73: 20 | G73: 21 | H73: 23 | I73: 20 | J73: 22 | K73: 22 | L73: 10 | M73: 23 | N73: 20 | O73: 22 | P73: 20 | Q73: 20 | R73: 20
A74: Actual production | B74: 1000 units | C74: 360 | D74: 455 | E74: 300
A75: Difference | B75: 1000 units | C75: =C74-C71 -> 27 | D75: =D74-D71 -> 18 | E75: =E74-E71 -> 70
A76: Cumulative difference | B76: 1000 units | C76: =C75 -> 27 | D76: =SUM($C75:D75) -> 45 | E76: =SUM($C75:E75) -> 115
A78: End-of-month inventory
A79: Planned | B79: 1000 units | C79: =$C$4+C71-C65 -> 0 | D79: =C79+D71-D65 -> 0 | E79: =D79+E71-E65 -> 0 | F79: =F82*G65/G73 -> 66.666667 | G79: =G82*H65/H73 -> 73.913043 | H79: =H82*I65/I73 -> 75 | I79: =I82*J65/J73 -> 89.318182 | J79: =J82*K65/K73 -> 52.954545 | K79: =K82*L65/L73 -> 143.5 | L79: =L82*M65/M73 -> 91.304348 | M79: =M82*N65/N73 -> 120 | ... Q79: =Q82*R65/R73 -> 66.75
B80: € | C80: =C79*$C$2 -> 0 | D80: =D79*$C$2 -> 0 | E80: =E79*$C$2 -> 0 | F80: =F79*$C$2 -> 2000 | G80: =G79*$C$2 -> 2217.3913 | H80: =H79*$C$2 -> 2250 | I80: =I79*$C$2 -> 2679.5455 | J80: =J79*$C$2 -> 1588.6364 | ... Q80: =Q79*$C$2 -> 2002.5
A81: Actual | B81: 1000 units | C81: =$C$4+C74-C66 -> 60 | D81: =C81+D74-D66 -> 115 | E81: =D81+E74-E66 -> 215
A82: Stock coverage / Days of supply | B82: days | C82: =C81/(D66/D73) -> 3 | D82: =D81/(E66/E73) -> 11.5 | E82: =E81/(F65/F73) -> 16.996047 | F82: =B57 -> 5 | G82: =F82 -> 5 | H82: =G82 -> 5 | I82: =H82 -> 5 | J82: =I82 -> 5 | K82: =J82 -> 5 | L82: =K82 -> 5 | M82: =L82 -> 5 | N82: =M82 -> 5 | ... Q82: =P82 -> 5
A83: Service level | C83: 98 | D83: 100 | E83: 100
E87: Recruit. | F87: =MAX(F72-$C$8,0) -> 0 | G87: =MAX(G72-F89,0) -> 1055.6332 | H87: =MAX(H72-G89,0) -> 143.9336 | I87: =MAX(I72-H89,0) -> 110.75518 | J87: =MAX(J72-I89,0) -> 61.854339 | K87: =MAX(K72-J89,0) -> 0 | L87: =MAX(L72-K89,0) -> 1096.7279 | M87: =MAX(M72-L89,0) -> 0 | N87: =MAX(N72-M89,0) -> 417.97076 | ... Q87: =MAX(Q72-P89,0) -> 0
E88: Termin. | F88: =MAX($C$8-F72,0) -> 782.83333 | G88: =MAX(F89-G72,0) -> 0 | H88: =MAX(G89-H72,0) -> 0 | I88: =MAX(H89-I72,0) -> 0 | J88: =MAX(I89-J72,0) -> 0 | K88: =MAX(J89-K72,0) -> 188.01653 | L88: =MAX(K89-L72,0) -> 0 | M88: =MAX(L89-M72,0) -> 496.49102 | N88: =MAX(M89-N72,0) -> 0 | ... Q88: =MAX(P89-Q72,0) -> 825
E89: Workforce | F89: =$C$8+F87-F88 -> 654.16667 | G89: =F89+G87-G88 -> 1709.7999 | H89: =G89+H87-H88 -> 1853.7335 | I89: =H89+I87-I88 -> 1964.4886 | J89: =I89+J87-J88 -> 2026.343 | K89: =J89+K87-K88 -> 1838.3264 | L89: =K89+L87-L88 -> 2935.0543 | M89: =L89+M87-M88 -> 2438.5633 | N89: =M89+N87-N88 -> 2856.5341 | ... Q89: =P89+Q87-Q88 -> 2259.375
E91: Cost in k€ | R91: Totals
E92: Recruit. | F92: =F87*$C$6 -> 0 | G92: =G87*$C$6 -> 211.12664 | H92: =H87*$C$6 -> 28.786719 | I92: =I87*$C$6 -> 22.151035 | J92: =J87*$C$6 -> 12.370868 | K92: =K87*$C$6 -> 0 | L92: =L87*$C$6 -> 219.34558 | M92: =M87*$C$6 -> 0 | ... Q92: =Q87*$C$6 -> 0 | R92: =SUM(F92:Q92) -> 669.58574
E93: Termin. | F93: =F88*$C$7 -> 391.41667 | G93: =G88*$C$7 -> 0 | H93: =H88*$C$7 -> 0 | I93: =I88*$C$7 -> 0 | J93: =J88*$C$7 -> 0 | K93: =K88*$C$7 -> 94.008264 | L93: =L88*$C$7 -> 0 | M93: =M88*$C$7 -> 248.24551 | ... Q93: =Q88*$C$7 -> 412.5 | R93: =SUM(F93:Q93) -> 1262.7768
E94: Stocks | F94: =F79*$C$2*$C$5 -> 40 | G94: =G79*$C$2*$C$5 -> 44.347826 | H94: =H79*$C$2*$C$5 -> 45 | I94: =I79*$C$2*$C$5 -> 53.590909 | J94: =J79*$C$2*$C$5 -> 31.772727 | K94: =K79*$C$2*$C$5 -> 86.1 | L94: =L79*$C$2*$C$5 -> 54.782609 | M94: =M79*$C$2*$C$5 -> 72 | ... Q94: =Q79*$C$2*$C$5 -> 40.05 | R94: =SUM(F94:Q94) -> 663.87134
Q95: Total Cost : | R95: =SUM(R92:R94) -> 2596.2339
A97: Planned Production + Inventory | E97: 0 | F97: =F71+F79 -> 171.33333 | G97: =G71+G79 -> 361.15942 | H97: =H71+H79 -> 416.08696 | I97: =I71+I79 -> 403.63636 | J97: =J71+J79 -> 409.59091 | K97: =K71+K79 -> 467.04545 | L97: =L71+L79 -> 326.1087 | M97: =M71+M79 -> 568.69565 | ... Q97: =Q71+Q79 -> 428.25
A98: Cumulative Sales | B98: 1000 units | F98: =SUM($F65:F65) -> 253 | G98: =SUM($F65:G65) -> 533 | H98: =SUM($F65:H65) -> 873 | I98: =SUM($F65:I65) -> 1173 | J98: =SUM($F65:J65) -> 1566 | K98: =SUM($F65:K65) -> 1799 | L98: =SUM($F65:L65) -> 2086 | M98: =SUM($F65:M65) -> 2506 | ... Q98: =SUM($F65:Q65) -> 4333
A99: Cumulative Prod. + Opening Inventory | B99: 1000 units | E99: =$E81 -> 215 | F99: =SUM($F71:F71)+$E81 -> 319.66667 | G99: =SUM($F71:G71)+$E81 -> 606.91304 | H99: =SUM($F71:H71)+$E81 -> 948 | I99: =SUM($F71:I71)+$E81 -> 1262.3182 | J99: =SUM($F71:J71)+$E81 -> 1618.9545 | K99: =SUM($F71:K71)+$E81 -> 1942.5 | L99: =SUM($F71:L71)+$E81 -> 2177.3043 | M99: =SUM($F71:M71)+$E81 -> 2626 | ... Q99: =SUM($F71:Q71)+$E81 -> 4399.75
A102: S&OP Level Strategy - Plan à production constante
A103: nventory coverage (end of Dec., year n+1) | B103: days | C103: 5
A104: Total planned sales | B104: 1000 units | C104: =SUM(F117:Q117) -> 4333
A105: Total planned production | B105: 1000 units | C105: =C104-E133+Q131 -> 4184.75
A106: Number of working days (year n+1) | B106: days | C106: =SUM(F125:Q125) -> 243
A107: Planned production per working day (= constant) | B107: 1000 units | C107: =C105/C106 -> 17.221193
A108: Annual resource productivity | B108: units/year | C108: =$C$3*$C$106 -> 1944
A109: Target constant workforce | B109: Employees | C109: =C107*1000/C3 -> 2152.6492 | D109: =C105*1000/C108 -> 2152.6492
C111: Historical | F111: Planned | R111: Futur
C112: Oct. | D112: Nov. | E112: Dec. | F112: Jan. | G112: Feb. | H112: Mar | I112: Apr. | J112: May | K112: Jun. | L112: Jul. | M112: Aug | N112: Sep. | O112: Oct. | P112: Nov. | Q112: Dec. | R112: Jan.
B113: i | C113: 1 | D113: 2 | E113: 3 | F113: 4 | G113: 5 | H113: 6 | I113: 7 | J113: 8 | K113: 9 | L113: 10 | M113: 11 | N113: 12 | O113: 13 | P113: 14 | Q113: 15
B114: xi | C114: -3 | D114: -2 | E114: -1 | F114: 1 | G114: 2 | H114: 3 | I114: 4 | J114: 5 | K114: 6 | L114: 7 | M114: 8 | N114: 9 | O114: 10 | P114: 11 | Q114: 12
A115: Sales / Demand
A116: Sales forecasts | B116: k€ | C116: =ROUND(C117*$C$2,1) -> 9990 | D116: =ROUND(D117*$C$2,1) -> 13110 | E116: =ROUND(E117*$C$2,1) -> 6900 | F116: =ROUND(F117*$C$2,1) -> 7590 | G116: =ROUND(G117*$C$2,1) -> 8400 | H116: =ROUND(H117*$C$2,1) -> 10200 | I116: =ROUND(I117*$C$2,1) -> 9000 | J116: =ROUND(J117*$C$2,1) -> 11790 | ... R116: =ROUND(R117*$C$2,1) -> 8010
B117: 1000 units | C117: 333 | D117: 437 | E117: 230 | F117: 253 | G117: 280 | H117: 340 | I117: 300 | J117: 393 | K117: 233 | L117: 287 | M117: 420 | N117: 480 | O117: 427 | P117: 527 | Q117: 393 | R117: 267
A118: Actual sales | B118: 1000 units | C118: 300 | D118: 400 | E118: 200
A119: Difference | B119: 1000 units | C119: =C118-C117 -> -33 | D119: =D118-D117 -> -37 | E119: =E118-E117 -> -30
A120: Cumulative difference | B120: 1000 units | C120: =C119 -> -33 | D120: =SUM($C119:D119) -> -70 | E120: =SUM($C119:E119) -> -100
A122: Production
A123: Planned production – Production plan | B123: 1000 units | C123: =C117 -> 333 | D123: =D117 -> 437 | E123: =E117 -> 230 | F123: =F124*$C$3*F125/1000 -> 344.42387 | G123: =G124*$C$3*G125/1000 -> 361.64506 | H123: =H124*$C$3*H125/1000 -> 396.08745 | I123: =I124*$C$3*I125/1000 -> 344.42387 | J123: =J124*$C$3*J125/1000 -> 378.86626 | K123: =K124*$C$3*K125/1000 -> 378.86626 | L123: =L124*$C$3*L125/1000 -> 172.21193 | M123: =M124*$C$3*M125/1000 -> 396.08745 | ... Q123: =Q124*$C$3*Q125/1000 -> 344.42387
A124: Planned resource requirements | B124: Employees | C124: =C123*1000/C125/$C$3 -> 1892.0455 | D124: =D123*1000/D125/$C$3 -> 2731.25 | E124: =E123*1000/E125/$C$3 -> 1437.5 | F124: =$D$109 -> 2152.6492 | G124: =$D$109 -> 2152.6492 | H124: =$D$109 -> 2152.6492 | I124: =$D$109 -> 2152.6492 | J124: =$D$109 -> 2152.6492 | K124: =$D$109 -> 2152.6492 | L124: =$D$109 -> 2152.6492 | M124: =$D$109 -> 2152.6492 | ... Q124: =$D$109 -> 2152.6492
...
